name,latitude,longitude,#
محطة العمار,25.2220452099359,45.2835014534066,1
محطة الجلال للمحروقات,25.23523,45.23975,2
محطة الدريس,25.58874,45.62918,3
محطة أباحسين,25.58293,45.70708,4
محطة الوهيبي,25.39886,45.8476,5
محطه بترولي التويم,25.71446,45.6101,6
محطة العصيمي,24.73284,44.76761,7
الدريس,25.86948,45.39616,8
محطة العتش,25.52649,45.94671,9
محطة الدريس,25.69668,45.89576,10
محطة حمد المقرن,25.11064,46.18589,11
محطه,25.34759,46.20327,12
محطة بترو سما,26.05368,45.00043,13
محامص ومطاحن مذ اق كيف الجنوب,26.07938,49.31299,14
محطة المهداني للوقود,25.16497,46.33357,15
محطة اسكان الكلية الحربية,24.93436,46.37123,16
محطة وقود,25.04902,46.40252,17
الدبوس المثبّت,25.50674,44.15267,18
محطة بترولينا,24.49562,44.39104,19
محطة قلف Gulf ST,24.49281,44.36922,20
محطه هلا,25.01306,46.46131,21
محطة اوتك,24.8935,46.43803,22
محطة السلمان,26.26754,44.82522,23
الدريس,24.0754498368857,45.317082976351,24
محطة بتروزد للخدمات البترولية,24.07546,45.31708,25
محطة الدريس,26.28703,44.82441,26
محطة الدوار,25.8550589244139,44.2148961900503,27
محطة الثويرات,26.2995143937108,44.834974717824,28
محطة السكران للمحروقات,25.85506,44.21489,29
ساسكو,25.87931,44.20403,30
الدعفس للخدمات البترولية,26.30652,44.79599,31
محطة العضيبي,25.8927,44.20532,32
محطة المملكة,26.31503,44.79079,33
محطة ركن الشلال للمحروقات,24.44801,46.2652,34
ويل لخدمات البترولية,24.99728,46.56067,35
محطة اجزالا,24.4911342722554,46.3258618883762,36
محطة ويل ديزل و بنزين,24.8815454623348,46.5873608466589,37
ويل,24.8757042791499,46.5900202055546,38
الدريس,24.8296,46.57548,39
بترول البركة,24.85793,46.59768,40
محطة جي أويل,24.78081,46.57059,41
بترو ستار,24.85338,46.59995,42
الدريس,24.91021,46.61889,43
ساسكو,24.8387937275661,46.596961693898,44
محطة الدريس ديزل بنزين,24.8153735293026,46.5887019503366,45
محطة بنزين 2 (حي العارض ),24.8508523873065,46.6030044233458,46
محطة نوي,24.8990404465368,46.6184694233458,47
محطه ابار النفط,24.8651369286675,46.6100477822415,48
لتر,24.7669686866886,46.5770276233458,49
Alshamal,24.856099052361,46.6105967994198,50
سهل,24.8414428681167,46.6073223307065,51
محطة الادريس وقود,24.8256174754974,46.6028089472719,52
محطة وقود,24.8352583029107,46.6103576205867,53
محطة بترومين,24.5440288828233,46.4672749718108,54
محطة درر الشاملة,24.7469829609309,46.5855135172111,55
ديزل الحجاز,24.5517580645134,46.4844895116893,56
محطة وقود,24.63887,46.54015,57
محطة جبل كساب,24.65054,46.56005,58
محطة نفط,24.79177,46.62464,59
نصار,24.72722,46.59904,60
محطة بترولات الساند,24.02846,45.8817,61
ساسكو,24.57169,46.52431,62
محطة الحفنة,25.66255,46.6289,63
محطة بترولات,24.63286,46.56368,64
ديزل لبن بترولات,24.65412,46.5787,65
الدريس,25.07501,46.71165,66
الدريس,24.56101,46.54032,67
ساسكو,24.89031,46.69318,68
الدبوس المثبّت,24.8881,46.69659,69
الدريس,24.77992,46.66382,70
الدريس,24.68734,46.63618,71
الدريس,24.80017,46.69734,72
ساسكو,24.57221,46.59398,73
الدريس,24.8043751087474,46.7065973055546,74
الدبوس المثبّت,24.5751200049057,46.6017244116893,75
الدريس,24.7815010427806,46.7066202116893,76
الدبوس المثبّت,24.8466502618265,46.7337574822415,77
محطة لتر,24.7659,46.70721,78
محطه وقود,25.94544,46.57893,79
محطة وقود,24.79546,46.74307,80
ADNOC,26.07163,44.02259,81
الدريس,24.8058331261896,46.7551786110764,82
محطة الدريس,24.8100782294099,46.7659776632243,83
محطة قلف بالشماسية GUlf,26.3119372800377,44.2583622000328,84
Break,26.2009365975193,44.1273192055546,85
محطة سهل,24.84677,46.78212,86
محطة نفط,24.80355,46.76862,87
محطة الدريس,26.32019,44.26443,88
محطة الأقمار للمحروقات,24.42197,46.57199,89
محطة سفن بلس,26.06164,43.99268,90
محطة الدريس,26.0926,44.01447,91
SASCO,24.84164,46.79018,92
نخلة ساسكو,24.82037,46.78646,93
Benzene station محطة بنزين,24.81978,46.78893,94
الدريس,24.70128,46.74589,95
الدبوس المثبّت,24.66296,46.73044,96
سهل,24.61547,46.70989,97
محطة محروقات,24.72476,46.75996,98
ساسكو,24.5476956414342,46.6752530110655,99
محطة,24.5670518931354,46.6876422583045,100
الدريس,24.7714194911476,46.7806704294693,101
محطة القافلة بنزين و ديزل,26.0656389929464,43.9669160405133,102
SASCO,26.10643,43.99789,103
محطة تل الضباب للخدمات البترولية,26.11598,43.99823,104
Al,26.11811,43.99979,105
الدريس,24.59519,46.72298,106
محطة الجفن,24.743207479815,46.7904812914278,107
نفط,24.7432,46.79054,108
محطة وقود,24.58982,46.72757,109
SASCO,24.70474,46.7815,110
محطة سهل Sahel Gasoline station,24.73527,46.79375,111
الدريس,24.83656,46.83668,112
SASCO,26.21724,44.06166,113
SASCO,26.23107,44.07438,114
محطة اسياء,24.54292,46.71658,115
محطه سهل,24.58835,46.74229,116
محطة لترR033|Liter Gas Station,23.78961,45.72769,117
محطة وقود,24.60199,46.75005,118
الدريس,24.55671,46.72682,119
العزيزية,24.60074,46.75041,120
محطة GO,24.85774,46.85111,121
محطة لترG052|Liter Gas Station,23.7895963278742,45.7276970260493,122
محطة الدريس,26.21715,44.05375,123
عالم المساندة للمحروقات,24.59298,46.74981,124
الدريس,26.1242475262199,43.9622880380052,125
محطة العزيزية شركة بنزين المحدوده,24.5831245309235,46.7529682178342,126
العزيزية,24.59101,46.75827,127
محطه الامداد السريع للوقود,24.58569,46.75634,128
SASCO,24.63331,46.78004,129
محطة المناخ,24.62305,46.77588,130
SASCO,24.7598338930892,46.8327835932958,131
محطة امن المنشات سهل,24.7602370058449,46.8343322616236,132
محطة سفن بلس,26.1278102644082,43.9534767680092,133
محطة فيولكس,24.60715,46.77399,134
الدريس,24.64799,46.79541,135
أطلال الحياه للوقود,24.68489,46.81298,136
الدريس,24.64344,46.79868,137
Diesel Fuel Station,24.68173,46.81633,138
الدريس,24.63871,46.79851,139
الدريس,26.21428,44.01472,140
محطة قلب الندوة,24.79483,46.86472,141
الدريس,24.70341,46.83187,142
شركة واحد وتسعين للوقود,24.67647,46.82609,143
محطة بترو سما,24.63553,46.80925,144
بترولي,24.6255,46.80655,145
الدريس,24.67979,46.8325,146
أدنوك,24.89647,46.90763,147
الدريس,24.53697,46.77195,148
الدريس,24.68652,46.84498,149
الدريس,24.58583,46.81137,150
بترولي,24.90984,46.92812,151
محطة البريكي للمحروقات 1,24.54842,46.7991,152
محطة العجمي,24.85551,46.92044,153
محطة لتر,24.66394,46.85608,154
Petrol Station,24.60817,46.83088,155
محطة الدريس للبترول,24.54174,46.80288,156
sahel gas station,24.57908,46.82996,157
محطة لؤلؤة الشرق,26.321003242211,44.0455251865917,158
Al Buraiki Gas Station,26.32104,44.04548,159
محطة عبدالعزيز للمحروقات,26.3255,44.02658,160
الدريس,24.89318,46.96405,161
الدريس,25.98931,43.74755,162
مجمع البريكي للمحروقات(ديزل وبنزين),26.24884,43.93924,163
محطة وقود,26.3291,44.01245,164
محطة رحاب,26.2276,43.9111,165
محطة السالمية,26.00246,43.74014,166
محطة,24.55455,46.85735,167
ركن النجمة الأولى,26.3311,44.00678,168
الدريس,26.31851,43.98839,169
الدريس,25.99503,43.72496,170
ساسكو,26.37181,44.04099,171
محطة بترول,26.28704,43.95034,172
محطة إبراهيم المشوح بنزين و ديزل,26.27667,43.93226,173
محطة القمة,26.3075,43.95751,174
محطة الرواف,26.35234,43.99286,175
Rafa Head Office مكتب رافا الرئيسي,26.34434,43.97852,176
الدريس,26.3635,43.9958,177
البترول الذهبي,26.34779,43.97656,178
محطة الدرع للخدمات البترولية,26.31765,43.93606,179
SASCO,26.33874,43.94758,180
محطة نفط,26.37662,43.97075,181
الدريس,26.3492760376606,43.9323349093487,182
محطة بترو ساحلي,24.9756919547397,47.0679023755477,183
محطة وقود,23.57144,45.61414,184
بترو جسور,26.32843,43.88152,185
محطة سڤن پلس,26.12646,43.70622,186
محطه ساسكو,26.3765,43.91154,187
محطة الدريس,25.87657,43.52901,188
محطة اترس,25.84359,43.5106,189
محطه الصيعري,26.42078,43.9119,190
محطة القصر,26.13612,43.66383,191
محطة بنزين,26.41713,43.90021,192
الدريس الادارة الاقليمية للقصيم وحائل,26.41256,43.89431,193
محطه ام شيح,26.78471,44.4656,194
محطة بترول الرياض,23.4997,45.52428,195
محطه وقود الخلود,25.88835,43.49469,196
محطة وقود بترولي,25.02011,47.17916,197
محطة ساسكو,25.89217,43.47839,198
الخميس للوقود,26.0476,43.55824,199
محطة الدغيمان,25.85984,43.46026,200
الدريس,26.41697,43.83485,201
محطة الدريس,26.06517,43.55266,202
محطة موارد التقدم,26.09024,43.53952,203
محطة العنزي,26.76327,44.2007,204
محطة العنزي,26.78146,44.21427,205
محطة محروقات الدريس,26.82597,44.18352,206
محطة وقود بالتنومة,26.86181,44.16438,207
محطة الوطبان للمحروقات,26.50884,43.67943,208
محطة الأجهر,26.87936,44.15738,209
محطة الجواء لـ الخدمات البترولية و التجارية,26.50314,43.63666,210
محطة ريبن,21.33387,39.68378,211
الدريس,24.09906,47.23243,212
SASCO,24.16997,47.29387,213
الدريس,24.1242998520527,47.2683866798445,214
طريق الملك سعود,24.1243,47.26833,215
SASCO,24.14259,47.29619,216
SASCO,24.17381,47.31897,217
SASCO,24.16058,47.3131,218
SASCO,24.14958,47.3133,219
SASCO,24.16575,47.33587,220
محطة وقود الطراق,27.3174911618557,44.5521794242088,221
نجاحات,24.1836238829323,47.4523996540381,222
محطة ساسكو,24.1845095852697,47.458063489042,223
محطة وقود فيضة نومان,24.45507,42.93368,224
محطة بترولات,23.49385,46.88251,225
محطة وقود,23.4793,46.87719,226
محطة وقود وبقالة,27.35015,44.3294,227
محطة سعود هليل الحربي,26.68181,43.3043,228
مجمع الفضلية,27.37979,44.3363,229
محطة 7 بلص المئوية للخدمات البترولية,23.40359,46.85617,230
محطه وقود,27.39428,44.34139,231
محطة وقود الـفـضليه,27.39528,44.33866,232
Aldrees,27.39644,44.33143,233
محطة اورانج,23.3757,46.85262,234
محطة ثادج,25.8586,42.76471,235
Petrol Gas Station محطة بترول,22.7919,45.16602,236
محطة وقود نجمة سهيل,22.65459,45.13809,237
برودان,22.52995,45.07821,238
محطة ابن راجح,22.5287,45.08049,239
المزروعية للتجاره,21.82681,39.73031,240
محطة الدريس للمحروقات,25.82577,42.17707,241
ساسكو,28.06114,45.74307,242
محطة وقود هجرة الطليعة,28.00627,46.74263,243
مجمع بترو ليلى التجاري,22.37096,46.7337,244
بترول الدبدبة,28.10468,46.71968,245
محطة قلف Gulf ST,28.11104,46.7052,246
الدريس,28.30575,46.11056,247
تموينات الهميجة,24.33062,41.89944,248
محطة قولد فيول,28.34717,45.98592,249
محطة الفلاّح للمحروقات,28.3889,45.93656,250
محطة فرسام طريق الشمال,28.39225,45.93415,251
الدريس,28.3964179025955,45.9254218289213,252
الدريس (الحباب),28.3972956053876,45.9427861000861,253
SASCO,28.4057936258235,45.9061955467125,254
بترولي,28.40581,45.90618,255
محطة قولد فيول,28.39166,46.0012,256
محطة شركة قلف,28.40093,45.95278,257
الدريس,28.39799,45.98128,258
محطة ساسكو,28.4089,45.97998,259
محطة طوق النجوم,28.40607,46.03887,260
محطة ال مقعد النتيفات,21.99433,45.96239,261
محطة الجبيل,28.4365569,45.9852186203276,262
محطة ارسو السعيرة,27.83107,47.48703,263
محطة ساسكو للوقود,28.49039,46.12122,264
محطة الوجعان,28.66966,45.22409,265
محطه ساسكو,24.1794656310959,48.9002550976357,266
محطة KPS,24.17949,48.90021,267
محطة الربيعان,24.12854,49.02626,268
الدريس,24.21506,49.09356,269
محطة الدريس حرض بمحافظة الاحساء,24.13594,49.10039,270
SASCO,27.47076,48.50498,271
محطة الهداج,26.28669,41.35885,272
محطة هيف الشمال( الصناعية,28.88433,44.75247,273
مجمع الشريم,28.2623,42.92605,274
محطة وقود العسيلة الهضب,21.59314,44.08152,275
محطة احمد حمد ال قريع,28.76321,43.73288,276
ساسكو,22.7062,42.1446,277
محطة واستراحة الدارة,26.976,41.48044,278
بترو عين دار للمحروقات,25.94025,49.43264,279
محطة وقود,27.46166,41.7954,280
مجمع الهضب بقالة مطعم بوفية شقق مغسلة حلاق تسجيلات بنشر....,21.51742,44.03487,281
محطة وقود أومكو,25.34144,49.54806,282
محطة وقود يبرين,23.30372,48.97035,283
محطة بنزين امتياز الوقود,25.33386,49.54948,284
محطة نايف بن دحل للمحروقات,27.92122,42.14944,285
أدنوك | ADNOC,25.45191,49.54716,286
محطة فيول واي,25.3276,49.55263,287
محطة تيماء,25.34177,49.55384,288
البترول الذهبي,25.34333,49.5577,289
محطة وقود الهياف,26.8037,41.31871,290
محطة ربوع مكة للمحروقات,25.34697,49.56044,291
ساسكو,25.28384,49.56118,292
محطة وقود السليمي,26.49294,41.14553,293
محطة نفط,27.47468,41.68024,294
الدبوس المثبّت,23.39416,41.44277,295
محطة وقود,21.4454419765522,43.9810405153919,296
محطة الدريس الرقعي 2,29.00142,46.57719,297
محطة وقود ساسكو SASCO,25.33512,49.62714,298
طريق الامير محمد بن عبدالعزيز,25.37699,49.63078,299
Petrol Station,21.42648,43.96853,300
كويك باور,25.32283,49.64103,301
محطة بيارق ٢,27.61952,41.73425,302
محطة الوادي للوقود,27.7250880345652,41.8013746000861,303
محطة الخنيني للخدمات البترولية KPS 44,27.72512,41.80137,304
جي اويل,24.95299,40.80985,305
محطة المعيقلات,27.28771,41.37609,306
محطه الفرسان العمق,23.94692,40.9753,307
محطة الخنيني للخدمات البترولية KPS 29,27.47651,49.18648,308
محطة الخنيني للخدمات البترولية KPS 43,27.07481,49.43419,309
محطة ام اثله للوقود,23.15683,49.32686,310
محطة ساسكو,26.13409,49.88884,311
Al idrees Gas Stations,24.84068,40.56367,312
محطة وقود,27.12457,49.55237,313
محطة الخنيني للخدمات البترولية KPS 40,27.15819,49.54328,314
محطة الخنيني للخدمات البترولية KPS 30,27.14733,49.55171,315
محطة الهاشمي,24.89273,40.53237,316
SASCO,26.94025,49.68273,317
السريحي للخدمات البترولية,24.8955191032729,40.5049502712509,318
مهد الذهب,23.49375,40.89685,319
محطة المورقي,23.49755,40.88526,320
محطة الحيانية,28.70244,42.31345,321
الدبوس المثبّت,26.34311,49.97042,322
الدبوس المثبّت,26.37377,49.96385,323
محطة الدريس,23.47266,40.83891,324
محطة سارا,25.97809,40.45455,325
TotalEnergies,26.26928,50.01898,326
محطة البريكي,21.05436,43.5726,327
الدريس,26.48741,49.97479,328
محطة الزهراء,26.51491,49.98639,329
محطة وقود ليان,26.48216,50.00336,330
محطة الغانم,26.51638,49.99596,331
الدريس,26.46755,50.01825,332
محطة الدريس فالخالديه,21.35384,42.78317,333
أدنوك | ADNOC,26.41394,50.05451,334
محطة أرامكو,26.4049,50.05974,335
الدريس,26.50826,50.0292,336
محطة عبدالرحمن العنزي,25.61613,43.94721,337
الدريس,26.5607,50.01906,338
محطة الغانم,26.47841,50.04633,339
محطة الدريس,21.21794,42.94756,340
محطة وقود الشفق الاحمر,21.21658,42.94826,341
مجمع الحقيل للخدمات البترولية,26.15708,50.16133,342
محطة,21.21628,42.9435,343
محطة وقود,21.26233,42.84433,344
محطة الكهف,21.21623,42.92982,345
الدريس,26.37485,50.11878,346
محطة بترو العملاقة,21.26442,42.83079,347
محطة مجتمع الأبراج للمحروقات,21.25008,42.84242,348
محطة الدريس,26.21575,50.1797,349
الدبوس المثبّت,26.45669,50.11789,350
محطة الشعله,21.23433,42.8448,351
محطة ويل للوقود,26.21721,50.18466,352
Petroly,26.20201,50.18939,353
محطة أرامكو,26.2943,50.17129,354
مزايا للوقود,26.2316540119598,50.1937734688005,355
Gas station,26.23165,50.19373,356
محطة أرامكو,26.32406,50.17981,357
محطة سهل,26.19547,50.21221,358
مزايا للوقود,26.25819,50.20103,359
الدريس,26.25536,50.20339,360
محطة الوطنية لخدمة السيارات,26.33462,50.20132,361
محطة وقود الريان,20.59743,45.71831,362
آل مطلق,20.51066,45.60468,363
محطة مراسي الخليج,20.47879,45.58211,364
محطة وقود,20.46977,45.56465,365
محطة فنار,20.47324,44.78364,366
محطة نجم الطريق,20.48997,44.50202,367
محطة جود للوقود,20.43728,44.87206,368
محطة الأصايل,20.43228,44.89335,369
محطة مدينة سلمان (بابكو),26.22751,50.44575,370
محطة الفورملا للوقود,26.02374,50.49108,371
محطة أوكي للوقود,26.1671,50.46559,372
محطة النزهة للخدمات,26.06229,50.50681,373
الدريس,20.38556,45.22931,374
محطة ريبن,22.07439,41.25787,375
محطة وادي السيل للوقود,26.13692,50.52061,376
محطة خدمات عالي,26.15246,50.5278,377
محطة حوار للبترول,26.22008,50.53476,378
محطة مدينة عيسى للخدمات,26.1719944134478,50.551014977998,379
محطة السنابس,26.17202,50.55104,380
محطة الخميس للخدمات,26.20761,50.55152,381
محطة توبلي للوقود,26.19805,50.55731,382
محطة الرفاع الشرقي للوقود,26.11272,50.576,383
محطة الاستقلال للوقود,26.15028,50.57355,384
محطة النعيم للبترول,26.22845,50.56276,385
الدريس,26.45169,50.12718,386
محطة بترول الأولى,26.12323,50.58964,387
وادي حيان,26.02485,50.60887,388
محطة خدمات الفاتح,26.21689,50.60834,389
محطة البدر,23.31758,40.27089,390
محطة وقود قلالي,26.28001,50.64434,391
محطة وقود جمعية الحد الإستهلاكية,26.24159,50.65703,392
نخلة ساسكو الاحساء,24.82165,50.73326,393
محطة نفط اكسترا,24.56166,39.75949,394
محطة نجمة الفائز,24.5058,39.70748,395
قلف للمحروقات,24.52331,39.69693,396
محطة حي المطار للمحروقات,24.54552,39.69093,397
محطة مستقبل الطاقة,24.44652,39.70661,398
محطة وسوبر ماركت الخرماءالجنوبية,25.56997,44.09671,399
محطة المجد فيصل مزحم,22.28839,40.67805,400
بروتايم,24.5163,39.68114,401
محطة نجد,24.52307,39.67494,402
محطة طيبة للمحروقات,24.45032,39.66574,403
محطة المغير,24.4531099919219,39.6442585933389,404
محطة البدر للمحروقات,24.4276866104903,39.6484724822949,405
محطة بن جرمان,21.1966380044658,41.6805150332181,406
محطة وافر,24.45897,39.61908,407
محطة الزاحم للمواد البترولية,22.49436,40.43465,408
محطة عبدالباقي المزيني,24.5322,39.59474,409
محطة الدريس,21.2192108985528,41.6220394240206,410
الدريس ( بنزين و ديزل ),24.4280551631933,39.6069273467125,411
محطة وقود,23.5250824809485,39.8672970356685,412
الخليج للوقود,23.52515,39.8673,413
محطة نفط (الغربية),24.47195,39.59126,414
الدريس,24.44546,39.5947,415
محطة التميمي,24.52724,39.57238,416
محطة الدريس بوادي الفرع,23.63681,39.80756,417
محطة نفط (القصواء),24.34489,39.60535,418
الدريس,24.38924,39.59364,419
سهل,24.42272,39.58448,420
محطة ابن زاحم,22.48174,40.39489,421
محطة بترومين للوقود,23.28863,39.93433,422
محطة بروتايم,24.4773827005465,39.5510186935994,423
محطة ساسكو,24.47785,39.55112,424
الدبوس المثبّت,24.41432,39.54847,425
محطة العاليات,24.51841,39.52293,426
محطة الوجود للمحروقات,25.97559,43.72234,427
محطة ايه سي ديلكو,24.68044,46.778,428
athfa fuel station,29.25689,41.44192,429
محطة دوار الحمراء,24.35385,39.53942,430
محطة الغنامي,24.3739,39.52891,431
SASCO,21.76219,40.89231,432
محطة اوس للوقود,24.1801,39.56607,433
محطة وقود رشوان,24.40358,39.51671,434
محطة ساسكو طريق المدينة,23.07899,39.9543,435
محطة بن زيد,24.41898,39.50054,436
SASCO,23.07306,39.95556,437
محطة السهلي (خدمة 24 ساعة),23.82258,39.6403,438
محطه العلمين للمحروقات,24.39094,39.49382,439
محطة وقود,19.96766,44.04864,440
محطة فيول واي FuelWay,23.00902,39.92853,441
محطة البتراء للمحروقات,24.59892,39.40604,442
محطة وقود الرأس الإبيض,25.56972,39.32599,443
محطة الفاو,19.79037,45.13306,444
الدريس,25.69347,39.29515,445
محطة بترومين,22.85746,39.86616,446
محطة رموز الفلاح,21.66974,40.67433,447
محطة وقود,21.6201697,40.7067077000861,448
محطة الوادي1,21.62017,40.7067,449
محطة الخليج,21.58411,40.7178,450
محطة المجد,21.58187,40.70259,451
محطة المصيف,24.28185,39.25424,452
محطة وقود المزروعة (ديزل فقط),25.43928,51.38801,453
ساسكو الفريش,24.26342,39.25742,454
محطة وقود #٦٦ (ابا الصليل),25.15648,51.45128,455
Woqod Heavy vehicle diesel station,25.57207,51.47149,456
Woqod Heavy vehicle diesel,25.66399,51.46928,457
محطة بترولي,24.13583,51.34048,458
محطة بترولات طريق الهجرة,22.71698,39.73974,459
SASCO,21.528,40.61171,460
Woqood Mobile Station Diesel,25.72458,51.52914,461
الدريس,21.6367,40.42031,462
محطة بامب,21.62332,40.43078,463
Benzol بنزول,21.06126,40.98414,464
محطة غزايل نفط,20.96452,41.08907,465
محطة رماح بنزين,21.51071,40.50595,466
محطة بترولي المطيري للوقود,24.13866,51.4448,467
SASCO,21.51039,40.48766,468
محطة ديراب,20.0040323233496,42.6200150031756,469
Sasco palm,21.5098252717632,40.4864643361587,470
Darb Station محطة درب,21.5009287655459,40.4904482288783,471
Benzol بنزول,21.11526,40.87108,472
محطة إفادة,22.3058,39.82757,473
نخلة ساسكو,24.1811806531423,51.4999557203276,474
Sahil Gas Station,22.6087910436643,39.6392951657464,475
محطة ب پ بن كركمان,19.95204,42.60499,476
محطة الفيصل للمحروقات,21.40979,40.50611,477
محطة النصر,22.00165,40.00572,478
محطة الخماش للمواد البترولية,21.38785,40.52058,479
محطة الشيباني,21.44355,40.46725,480
محطة المعمورة,21.45317,40.45508,481
الدريس,24.52344,46.64796,482
بترولي,24.15315,51.55771,483
محطة الشريف,21.31725,40.54636,484
بتروماك,22.54385,39.6063,485
مطعم جلمودة,24.90684,46.38611,486
محطة ميسان,21.39688,40.44929,487
محطة جاري,19.89443,42.58676,488
محطة عاجل للوقود وخدمات السيارات,19.87217,42.61782,489
محطة قلف,20.61869,41.29021,490
محطة الوفاء للخدمات البترولية,21.19893,40.60171,491
Zasco,21.3579,40.42093,492
محطة الشهيب,21.23953,40.52656,493
محطة الروسان طريق عذفاء,29.6541,40.85419,494
محطة جبرا للمواد البترولية,21.30267,40.4321,495
محطة الأمانة,21.27381,40.44737,496
محطة المثلث,26.82146,38.93104,497
محطة روز ماكس للمواد البتروليه,22.19056,39.69921,498
Benzol maaredh,21.25393,40.44861,499
محطة محروقات وج,21.26265,40.40071,500
محطة البهجة,21.26301,40.3974,501
الدريس,21.2352,40.41063,502
محطة بنزين,21.2231504964614,40.3896360890421,503
محطة عاصفة الحزم,21.22318,40.38965,504
محطة الجمعية,23.11125,39.07441,505
محطة التقوى,19.62881,42.72598,506
محطة العيدروس,21.35465,40.19673,507
محطة راضى للمحروقات,23.78226,38.7995,508
محطة بن عليثه,23.7781,38.79758,509
محطة بدر الشهداء للخدمات البترولية,23.77664,38.79663,510
ساسكو,21.49477,40.01022,511
محطة طيبة,21.56664,39.949,512
وقود ديزل,22.4132,39.35262,513
الدريس,19.32544,43.46968,514
محطة القمة,21.55523,39.94619,515
ساسكو,21.35579,40.11514,516
محطة سهل,23.81628,38.73977,517
محطة السرح للوقود والديزل,21.4681328107875,40.0007036424156,518
محطة الراشدية,21.46808,40.00072,519
مركز خدمات محطة بترولايز,21.4567,40.00498,520
محطة سهل طريق الجعرانة,21.49875,39.96545,521
Petrol Station,21.48803,39.95648,522
الدريس,21.48712,39.95053,523
محطة بنزين الكتيب,27.46777,38.90147,524
محطة أبو فارع الشفا,21.07955,40.31453,525
محطة الوسام,22.80347,39.06636,526
محطة سما الشرق للخدمات البترولية,22.80207,39.05462,527
محطة بن مخفور,19.44684,42.82545,528
محطة وادي قديد,22.33051,39.30351,529
Hotel,24.93062,46.99727,530
محطة العوفي,21.46961,39.90501,531
ساسكو محطة العريشي,21.32728,40.02736,532
محطة المعيصم,21.46535,39.90149,533
محطة الجواد,22.79772,39.03361,534
محطة الجوهرة,22.11394,39.41729,535
محطة فيولكس ( مستورة / رابغ ),23.19544,38.85381,536
مسجد المحطه,22.77365,39.03696,537
محطة وقود الدريس|ALDREES,22.4565,39.19108,538
محطة الخير بنزين,21.45604,39.87914,539
محطه قاره الحيران,27.24952,38.72565,540
محطة نفط,21.5764773631428,39.7698017043829,541
محطة بترولي,"21.58125181164453,",39.7615742240206,542
محطة الدريس,21.57406,39.76656,543
محطة الصولي,21.44378,39.85972,544
محطة مستورة,23.1152,38.84318,545
البداية نفط,21.45349,39.8464,546
محطة وادي بشم,21.48489,39.82007,547
محطة 5M,21.46735,39.82617,548
الدريس,21.49876,39.79391,549
محطة الدريس,21.3595,39.90752,550
محطة الدريس للوقود,21.51097,39.78016,551
محطة الدريس,21.65574,39.66729,552
شركة الحناس للتجاره,20.01898,41.46972,553
الجموم,21.61494,39.69252,554
محطة ذيزل شاحنات,20.03038,41.44879,555
محطة محروقات الشقيق,29.29845,39.93179,556
محطة النقابة للوقود,21.62492,39.67909,557
الدريس,21.47885,39.79483,558
محطة ديزل,20.00812,41.47673,559
محطة الساطي للمشتقات البترولية,22.17881,39.28857,560
محطة وقود,19.35823,42.80273,561
AlAbied Petrol Station,29.80241,40.43984,562
محطة الجمعية للخدمات البترولية,22.12502,39.30698,563
محطة وقود,19.34705,42.80415,564
محطة السرور,21.38925,39.84692,565
2443 طريق مكة جدة القديم,21.43157,39.80846,566
محطة بنزين وديزل سهل,21.3836,39.83317,567
محطه الراية الحمراء,21.29559,39.90741,568
محطة البيضاء للوقود,19.83033,41.70905,569
محطة النصر,21.40264,39.80934,570
الدريس,21.44791,39.76335,571
الدريس,21.43867,39.7694,572
محطة ملكان,21.20544,39.97006,573
محطة آل غرامة للمحروقات,19.89374,41.57533,574
محطة ناصر,21.23114,39.94398,575
محطة بترولاند,21.96905,39.36283,576
محطه امداد الخليج الكعكيه,21.3793,39.80657,577
محطة التيسير,21.37918,39.80367,578
الدريس,21.36335,39.80338,579
بترو الجار الله,19.27183,42.8613,580
محطة مزهرة للمحروقات,18.8647392719968,45.1087021865917,581
بترو إرم,18.8647,45.10867,582
محطة سلطانة ومؤسسة محمد عبدالله مرضاح,18.86218,45.1103,583
محطة فيول,21.38118,39.77846,584
محطة بنزين جديدة,21.37753,39.76469,585
محطة جامعة الملك عبدالله,22.31528,39.10633,586
محطة ثول,22.28817,39.11377,587
محطة الوصل,21.91372,39.34976,588
محطة التميز للمحروقات,21.28875,39.82211,589
محطة وقود الدريس,21.89794,39.35035,590
محطة ساسكو طريق مكة جدة السريع,21.39077,39.70611,591
SASCO,21.24135,39.82646,592
محطة نسوب,21.13068,39.9218,593
محطة الجزيرة,22.20442,39.1167,594
محطة ساسكو,19.58726,41.88944,595
الدريس,21.46415,39.56483,596
محطة وقود المتعب,27.53378,38.56928,597
محطة الفهمي,21.05662,39.91125,598
محطه الامانه,21.30895,39.6882,599
محطة وقود الربيعة,27.55321,38.56686,600
محطة الدريس,21.8756,39.24001,601
محطة فيولكس,21.33147,39.63004,602
محطة الشنيفي,27.59766,38.56003,603
محطة المروة,21.44152,39.53432,604
محطة الطلق للمحروقات رقم 2,27.61097,38.5572,605
وقود ديزل,21.32372,39.62016,606
محطة الطلق للمحروقات 3,27.61196,38.5388,607
محطة الطلق رقم ١,27.62662,38.52757,608
محطة ابوفهد الفروسية,21.81581,39.21573,609
NAFT,21.93942,39.12783,610
محطة لؤلؤة الجوف,29.960687229278,40.2220952025364,611
Sahel Petrol Station,29.96074,40.22214,612
محطة الدوشان,27.62384,38.51332,613
محطة بترولي,24.01534,38.22875,614
محطة الدريس,29.98065,40.2233,615
محطة وقود السهم,21.76699,39.22184,616
Dropped Pin,21.78189,39.20662,617
Petrox,21.78184,39.20703,618
محطة ساسكو طريق المدينة ذهبان,21.8979325108244,39.1240342487053,619
محطة ساسكو,21.8208152350465,39.1742084760015,620
ساسكو,21.82081,39.17416,621
محطة الدريس,21.76295,39.20355,622
محطة سهل,24.01424,38.19761,623
محطة وقود تميم,21.78383,39.17424,624
محطة وتموينات الخير بالحرازات الشمالية,21.52264,39.35983,625
محطة بترولايز,21.8038,39.15163,626
محطة بنزين,21.93913,39.06007,627
محطة جدة الحديثة للخدمات البتروليه,21.7276137708765,39.1964133110871,628
بترو القايد ومغاسل السيارات,21.72762,39.1964,629
محطة الدريس,21.40502,39.42956,630
محطة المحمادي للمحروقات,21.44973,39.39192,631
الدبوس المثبّت,19.3268,42.05271,632
ديزل,21.70069,39.20353,633
محطة الخير,21.59371,39.27915,634
محطة الحياة المتألقة للمحروقات,21.41506,39.41391,635
محطة البراق,21.4778,39.36463,636
محطة النخيل,19.51453,41.67023,637
محطة وقود الأسود,21.60357,39.26689,638
محطة وقود الرفاعي,21.42782,39.39919,639
محطة المغيدي,21.42969,39.39696,640
محطة وقود لاينز,24.05678,38.1456,641
مركزالرحيلي,21.79052,39.13069,642
محطة الجزيرة,21.46248,39.36682,643
محطة الحربي للمواد البترولية,21.4248,39.37849,644
محطة النور,21.75767,39.14881,645
محطة الدريس,21.80218,39.118,646
الدريس,24.06052,38.13673,647
محطة نفط,21.54919,39.29459,648
محطة النخيل العالية للوقود,19.4965,41.67789,649
محطة بن عفيف,24.06101,38.13559,650
الدريس,21.64239,39.22279,651
محطة العليا للوقود,21.74651,39.14816,652
محطة التيسير,21.53905,39.29669,653
محطة الساهر للمحروقات بنزين وديزل,21.61279,39.23988,654
محطة وقود الرواد,21.60389,39.24243,655
كفاءة الاداء للوقود,21.8114327647088,39.0963590466694,656
لتر,24.1175053244581,38.1110480405545,657
محطة ركن الساطع,21.81144,39.09635,658
محطة الدريس,21.61056,39.23118,659
وقود ديزل,21.53215,39.28768,660
محطة سلمان...Mazaya ۔مزایا,19.27554,42.0874,661
محطة ينبع الصناعية,24.06983,38.11394,662
الدريس,24.07131,38.11048,663
نفط,21.6247,39.20898,664
محطة المستقبل,21.4831,39.31067,665
محطة لتر,24.10642,38.0976,666
محطة الصايل للوقود رقم1,27.65376,38.40278,667
محطة ابن سعود للخدمات البترولية,21.4850140777934,39.3051088199514,668
محطة الفانوس,21.48471,39.30506,669
الدريس,21.59395,39.21604,670
الدريس,21.57388,39.22913,671
محطة أبرق الرغامة,21.51667,39.26614,672
محطة الساهر,21.60161,39.19947,673
Haramin neft,21.54843,39.23677,674
محطة وقود المرجان,21.47721,39.28972,675
محطة السهلي,21.45379,39.30562,676
محطة لتر,21.41624,39.33378,677
NAFT,21.62044,39.17735,678
Dropped Pin,21.52753,39.23231,679
محطة وقود وسوبرماركت,26.20445,37.97148,680
محطة وقود,21.56312,39.1914,681
محطة السالم للخدمات البترولية,21.45796,39.26559,682
محطة الطاسان,21.56663,39.18482,683
الدريس,21.58039,39.1611,684
محطة الفيحاء,21.49046,39.22192,685
الدريس,21.59553,39.14379,686
محطة نفط,21.43222,39.26406,687
سهل,21.59799,39.13983,688
محطة أيسو للوقود السنابل,21.39434,39.28663,689
محطة الأستاد,21.43807,39.25265,690
محطة سهل جده حي الجوهرة,21.43469,39.25344,691
محطة الهدى,21.38184,39.28953,692
محطة نفط,21.46354,39.22407,693
محطة وقود لافـا LAVA,21.42426,39.25263,694
محطة مزايا,19.15105,42.11158,695
محطة وهج للوقود,21.49474,39.17375,696
دبوس مثبّت,18.84622,42.88394,697
محطة سهل,21.42314,39.22424,698
محطة نفط للخدمات البترولية,21.45901,39.17673,699
محطة الرحيلي,21.43664,39.19039,700
الدريس,26.57856,37.94256,701
محطة القويز 2,27.70173,38.27913,702
محطة ياهلا للمحروقات,21.39936,39.21522,703
محطة الكورنيش الجنوبي,21.41386,39.20075,704
محطة وقود سيارات,21.32816,39.2603,705
بقالة ومحطة انماء واسط (وقود),18.81626,42.87937,706
الدريس,19.09669,42.12968,707
محطة فال للوقود,21.32731,39.25051,708
مركز بن سريان لخدمة السيارات,21.30473,39.26072,709
محطة الموعد,21.32695,39.23727,710
محطة وقود,18.79254,42.88767,711
الدريس,30.91528,41.09715,712
محطة الخمرة,21.36477,39.1961,713
محطة الشاطي وقود بن قصبان,19.97037,40.59901,714
محطة ريبن للوقود,29.80979,39.64613,715
ساسكو,21.30439,39.23968,716
محطه الفلاح للمنتجات البترولية,21.30544,39.23599,717
محطة وقود بن صالح,19.99225,40.55991,718
SASCO,20.07481,40.44231,719
محطة النورس,21.33267,39.19107,720
Liter Gas Station,24.25085,37.86765,721
ساسكو,21.31451,39.19286,722
محطة العياد,29.82422,39.59817,723
محطة البرج,19.68457,40.91595,724
وقود ديزل,20.15502,40.2879,725
وقود ديزل,20.257,40.16578,726
محطة الدريس الصناعية الثالثة,21.10592,39.31338,727
محطة القريني,21.30259,39.14915,728
محطة مروان السليل,18.69576,42.86196,729
محطة سفن بلس,19.5602530727127,41.0183589381188,730
محطة الدريس ذيزل,19.544642817011,41.0372705510093,731
محطة وقود نفط المدينة الصناعية الثانية,21.1080858552077,39.2639046289213,732
محطة وقود,18.674376308,42.8463095221741,733
هلال الجزيرة,18.67441,42.84628,734
محطة بيور إن,20.53991,39.75449,735
الدريس,20.49069,39.80406,736
بترو وسوبر ماركت النخيل,18.67154,42.82697,737
مزايا للوقود,19.41669,41.05743,738
محطة المنتزه قزّان,18.628,42.68719,739
محطة الكوثر,18.6070350840158,42.6806757467125,740
الدريس,18.5872441730902,42.6964227332181,741
محطة تلال الجوف,29.8791230734987,39.3154626614495,742
مجمع ومحطة وقود المباركية,18.56356,42.70209,743
مجمع شهران,18.53058,42.69844,744
محطة العسيري,18.63758,42.31497,745
محطة الدريس,19.1486,41.08579,746
مجمع بترولي,18.39375,42.70857,747
مجمع آل راسي للخدمات البترولية,18.34416,42.73039,748
محطة الاصداف,24.99628,37.28305,749
محطه الخيمة للمحروقات,18.33473,42.73372,750
مجمع محروقات ظافر نوار الشهراني,18.32862,42.73219,751
محطة النصبة,25.15608,37.26467,752
محطة وقود جى أويل,25.06957,37.26729,753
محطة الجزيرة AL,25.16925,37.26094,754
محطة الخليج,25.04653,37.26389,755
الدريس,29.68069,38.76443,756
SASCO,18.34208,42.46823,757
Pani wala pump,29.42793,38.52297,758
محطةبن مضحية,18.25884,42.63399,759
كويك,18.25636,42.63274,760
محطة حي الموظفين,18.23961,42.59707,761
الدريس,18.23513,42.56373,762
SASCO,18.22649,42.54118,763
نفط,18.20605,42.51869,764
الدريس,17.96106,43.36281,765
محطة وقود,17.71926,46.13138,766
مزايا للوقود,17.84027,43.41271,767
محطة محروقات ساسكو,28.50792,37.62961,768
الدريس,17.58512,44.35549,769
محطة الدريس,17.58219,44.23798,770
محطة التقاطع الدولي,17.51704,44.73001,771
محطة نور,17.57761,44.04778,772
محطة المحمد,30.28666,38.70656,773
محطة النبك,30.28804,38.70342,774
محطة السـراب,30.28894,38.70384,775
محطة سلمان القعيد,30.29211,38.69951,776
محطة نور,17.56144,43.98143,777
مجمع ومحطة الدبوس,30.30502,38.69059,778
محطة شبيطة,22.68069,53.2734,779
مجمع الراكة محطة الزمن الجديد للمحروقات,17.4802,44.17635,780
محطة نور,17.48148,44.12093,781
محطة الروضة للمحروقات,17.5109,47.09746,782
Dropped Pin,17.49936,47.11511,783
محطة البوابة,17.49931,47.11519,784
محطة الفيحاء للخدمات البترولية,17.49439,47.10168,785
الدريس للخدمات البترولية,17.4913725076508,47.1024742213039,786
محطة الرمال,17.4879036988631,47.1001526115378,787
مجمع محطة السعادة ( شموخ الأمل ),17.48076,47.09907,788
محطة الجنادرية,17.47573,47.10539,789
محطة لتر,17.74147,42.2825,790
محطة المنتزة,17.4071977188807,47.0984205069193,791
الدريس,17.40727,47.09843,792
الدريس,26.24093,36.47302,793
محطة الشام,30.50804,38.22688,794
محطة المحطة 2,30.48728,38.20508,795
مجمع محطة السعيد,30.53495,38.2205,796
محطة ساسكو,28.40719,36.70531,797
محطة ساسكو,28.39055,36.59054,798
محطة الجاره ( محطة عبدالله على موسى العماري ),17.15787,42.62297,799
محطة نفط (درة تبوك),28.41067,36.5456,800
SASCO,28.39696,36.52539,801
الدبوس المثبّت,17.0953,42.65106,802
محطة صالح سحيمان,30.7269,37.9709,803
SASCO,16.95694,42.61093,804
الدريس,16.94342,42.5665,805
محطه النور,16.73435,42.93653,806
محطة مملكة الوقود,16.74227,42.89575,807
محطة وقود,16.71965,42.94988,808
محطة الرحاب,16.67937,43.00081,809
محطة صدى العروبة,16.66696,42.96144,810
مضخات الديزل بمحطة ساسكو,16.63855,42.9494,811
أسواق الناصفة المركزية,31.08761,37.63131,812
محطة وقود,31.09135,37.62372,813
محطة بترول,31.28314,37.39826,814
مجمع المبارك للمحروقات,31.29133,37.39618,815
محطه بنزين السلمان,31.33659,37.38125,816
محطه الريان,31.34585,37.352,817
محطة العريعر,31.34876,37.32984,818
محطة وقود الدريس,22.193,55.49745,819
محطة وقود نفط عُمان,16.68442,53.12075,820
Shell Gas Station,21.33503,56.76494,821
محطة شركة التميز المحدودة,31.44886,37.15455,822
FUELAX Gas Station,31.4542,37.14739,823
محطة اللقاء,31.4681,37.14147,824
محطة الغرابة,23.73498,41.95329,825
محطه بترولي,25.24516,45.25928,826
محطة عويض حماد البلوي,26.24079,36.47529,827
ساسكو,24.31431,47.16568,828
الدريس,24.3053620105948,47.168662193425,829
الدريس,24.49136391904,39.6920705357545,830
محطة ريبن ( ابن عسكر سابقا ),17.5320992086119,47.0616035020187,831
محطة خليج الرايس,23.57673,38.60853,832
محطة وقود التوفيق,25.59449,44.06965,833
مجمع ومحطة نجد للوقود,31.38504,37.28314,834
محطة الخليج,25.34984,43.61533,835
محطة مدى الانوار,25.6047,44.05496,836
محطة الروضة للمحروقات,25.96689,43.75251,837
محطة الشنيفي,26.41022,50.15598,838
محطة زاد,22.28812,40.679,839
محطة الحسنية,18.08117,43.14795,840
محطة خالد مسفر,18.0468,43.14693,841
محطة غصون ( إنيرجيكس ),25.96891,43.70366,842
محطة البدراني,26.01434,43.74942,843
محطة وقود الشايع,18.03807,43.14797,844
محطة السلام,25.77658,43.28254,845
محطة سلطان,25.88679,43.52714,846
محطة الصليبي,25.62552,43.04572,847
احمد بن معيض ال سليم,18.07801,43.08304,848
محطة وقود ابن سلمان,17.77007,43.1727,849
محطة ومجمع ال مانع التجاري,17.953,43.22103,850
الدبوس المثبّت,18.09525,42.80808,851
محطة المنيف,25.95017,43.67104,852
طريق العروبة,24.71875,46.68734,853
محطة وقود أولى,29.26587,48.02832,854
الدريس,28.445403575169,48.4434872890421,855
Alfa,28.4454,48.4435,856
محطة شركة البترول الكويتيه,28.621,48.02356,857
KNPC,28.7543065765286,48.0563654799306,858
محطة ألفا,29.0027300668086,48.1360488492489,859
محطة وقود ألفا 74,29.0064552355058,48.0926178492489,860
محطة وارد النموذجية,24.55607,39.75186,861
محطة وقود,24.62099,39.92656,862
محطة بنزين منفذ السالمي,29.1002,46.68554,863
OULA,29.11345,47.10069,864
KNPC,29.68062,47.66561,865
محطة وقود الوطنية,29.36434,47.67182,866
محطة القصير,26.97708,44.09922,867
محطة وقود,26.12119,43.9683,868
محطة وقود الوادي,25.94807,43.44617,869
محطة الدريس,25.23118,46.3298,870
محطة المنديل,25.42021,46.11184,871
الدبوس المثبّت,24.55178,46.76297,872
محطة وقود,25.25406,45.87005,873
مركز المحمل للخدمات البترولية,25.26834,45.86701,874
محطة الدريس,24.38438,39.54589,875
محطة امتياز الطاقة,25.59814,45.61033,876
محطة الفريدي,24.32598,39.55764,877
محطة الفارس بالتويم alfaris stiton,25.64232,45.55612,878
محطة محروقات المزروع,25.67894,45.47332,879
مؤسسة الهداب للمحروقات,25.70254,45.45731,880
محطة طريق الشمال,26.37465,44.76724,881
الدريس,21.43505,39.6348,882
محطة المشيعلي,24.87187,40.51341,883
الدريس,24.47751,39.70944,884
محطة بترو المنار,24.63166,40.17964,885
Gas station محطة بنزين,24.82983,40.56662,886
الدريس,24.54061,39.57771,887
الدريس,28.02108,35.23176,888
ادنوك,24.12619,51.63135,889
محطة بنزين زد اويل,21.47353,55.97541,890
ADNOC Service Station| Al Faya Shahinat,24.80594,55.07004,891
ADNOC Service Station | Seih Al Sedirah West (724),24.81835,54.98242,892
محطة خدمة أدنوك,24.86959,54.91915,893
MBZ 3 Adnoc Service Station,24.79367,54.9686,894
ADNOC Service Station | Al Jurf (666),24.7409435959035,54.8252719332181,895
ADNOC Service Station | Kizad (243),24.7264950871562,54.748294526471,896
ADNOC Service Station | Tawazun (718),24.5973798937324,54.8804751950843,897
محطة خدمة أدنوك,24.67122,54.75983,898
محطة بترول ادنوك,24.6693540467159,54.7622085019457,899
محطة خدمة أدنوك | قطوف (165),24.58227,54.68771,900
ADNOC Service Station | Al Shahama (954),24.55709,54.69446,901
ADNOC Service Station | Al Hilila (916),24.43582,54.83252,902
CRMM+J6Q,24.43387,54.83234,903
محطة وقود أدنوك,24.52709,54.67722,904
ADNOC Service Station | Al Dur (166),24.52168,54.66917,905
محطة خدمة أدنوك,24.33887,54.92591,906
محطة خدمة أدنوك | الباهية الشمالية (164),24.5416,54.63681,907
ADNOC Service Station | Al Falah West (443),24.44926,54.70853,908
ADNOC Service Station | Ras Gurab,24.6047,54.52327,909
ADNOC Service Station | Yas Acres North (437),24.49563,54.61823,910
محطة بترول أدنوك,24.50215,54.58883,911
ADNOC Service Station | Yas Marina Circuit North (190),24.48198,54.60906,912
ADNOC Marine Station @ Yas Island,24.4993287527005,54.5878974069193,913
محطه مزايا,26.38002,50.08641,914
الدريس,21.78182,39.16908,915
محطة ساسكو,17.96552,41.69061,916
الدريس,18.00261,41.67936,917
الدريس,21.79461,39.12506,918
محطة سعيدان للمحروقات,25.71922,44.14163,919
محطة ديزل الدائري الشمالي,24.80541,46.75097,920
محطة سهارى,18.26063,41.51589,921
محطة صيدا الجديدة,17.77734,41.93306,922
وقود ديزل,17.79704,41.90919,923
الدريس,24.79593,46.77854,924
الدريس,26.37389,50.17855,925
ساسكو,24.63138,46.52815,926
محطة الحجاز,23.86847,42.89702,927
الدريس,21.59439,39.20494,928
Almashreqain gas station,26.3893120241805,50.1783569222602,929
ساسكو,25.1230554797433,47.509573137601,930
ساسكو,25.40397,47.95876,931
محطه مزايا للوقود,20.02399,41.45038,932
محطة النسيم,21.45264,39.76142,933
محطة لتر,21.46624,39.78143,934
دبوس مثبّت,22.7581216151494,44.3933049503171,935
ساسكو,24.6015722409859,46.70538701222,936
هضبة الوادي للخدمات البترولية,24.5894799403666,46.740626937515,937
محطة زاهر للخدمات البترولية,24.57477,46.74964,938
TotalEnergies,26.2692283855714,50.019050437601,939
0,24.41481,46.84468,940
محطة الغنامية,24.468905069525,46.8074540246245,941
مجمع الحريق البترولي,23.62782,46.51072,942
محطة الوسيطى,23.61792,46.525902377998,943
محطة الدريس,24.54909,46.66761,944
محطة اورانج,26.18493,49.47314,945
Gas Station,24.84909,46.68219,946
جي اويل J oil,21.34114,40.45869,947
مريفق,27.37,41.64607,948
ساسكو,25.1533,47.57769,949
محطة الشرق الدريس,21.28259,40.44596,950
محطة وقود / وقود,24.68893,46.85215,951
Aldrees,21.06842,40.96159,952
ناصر الجفن للخدمات البترولية,24.81222,46.76735,953
الدبوس المثبّت,24.27695,44.18187,954
مجمع السلطان للخدمات البترولية,25.69729,45.89248,955
محطة الملتقى,25.7048,45.86715,956
محطة الشمال,25.71581,45.86529,957
Gas Station,25.7439,45.84138,958
محطة وقود نفط العالم,25.82829,45.80583,959
محطة وقود ابترولات,24.59625,46.7938,960
محطة مبايض,25.83935,45.81001,961
SASCO,24.77858,46.82616,962
محطة سهم المستقبل,24.54177,46.76874,963
محطة الحائر,24.57003,46.75357,964
الدبوس المثبّت,24.584,46.58369,965
الدبوس المثبّت,24.59104,46.57622,966
الدريس,24.8131,46.87812,967
OOMCO,26.46507,50.04861,968
محطة البريكي 4,24.62688,46.79401,969
محطة وقود النفط السريع,21.99387,40.00239,970
محطة وقود ناس,24.5517,46.76301,971
محطة بترول,24.5839,46.58362,972
الدريس,19.92426,42.60727,973
محطة النخيل الاولى,24.78227,39.17727,974
محطة الحربي ديزل,25.8799080886042,43.0392481914924,975
محطة توتال,26.47819,50.05618,976
محطة إمداد نفط,21.7791251462218,39.2161508534597,977
ساسكو,26.378021747101,43.9027781583603,978
محطة رافا للوقود,26.44852,44.07031,979
الدريس,25.86413,43.06325,980
أبن ورَّآد الـواهـبـي,23.51456,45.53276,981
محطة بنزين الطويله,24.66992,45.2069,982
مجمع الرويس,24.68535,44.98984,983
Petrol Station,26.97226,41.48269,984
محطة وقود شجوى,25.03754,38.93254,985
محطة العقيل للمحروقات,26.06286,43.55878,986
محطة وقود أورنج,26.15592,43.77978,987
محطة سفن بلس,26.16899,43.95379,988
الدبوس المثبّت,26.3899712154961,50.1126793251725,989
الدريس,26.2306477070523,49.9973737987963,990
الدريس,24.74117,46.80586,991
الدبوس المثبّت,27.90183,42.40542,992
محطة السعدون للمحروقات,26.02161,44.96155,993
محطة الدريس,23.90419,42.77543,994
الدريس,24.76819,46.80624,995
محطة أورانج,23.9745661154636,45.1497343385838,996
محطة نفط,24.64312,46.83188,997
محطة الخنيني للخدمات البترولية KPS 24,27.4649659129135,48.5127615791973,998
الدريس,26.39585,50.04377,999
محطة لتر الرحمانية,24.71036,46.66669,1000
بقالة ومحطة وقود,26.31969,49.17841,1001
SASCO | ساسكو ( المبارك ),26.45167,50.07271,1002
بقاله سنهوري,23.0212,45.0125,1003
محطة آل شايب,23.07375,45.01119,1004
ابن ثعلي,23.2772077537935,45.0298314084448,1005
محطة روابي البيداء للمحروقات,24.44713,39.53552,1006
محطة وقود,25.82923,42.20872,1007
ليدر اكسبريس,21.38364,39.82812,1008
الدبوس المثبّت,27.41032,41.56858,1009
الدريس,24.0314,38.21895,1010
محطه الرواف للخدمات البتروليه,26.37858,43.92926,1011
الدبوس المثبّت,24.47151,46.27136,1012
الدبوس المثبّت,23.51844,46.87962,1013
الدبوس المثبّت,23.50514,46.89557,1014
محطة لتر,24.57919,46.61355,1015
الدبوس المثبّت,24.33355,45.79224,1016
Petrofel Station,24.6172,39.27028,1017
محطه ديزل الوفاء,24.78128,39.20772,1018
محطة الدويحي للمحروقات,22.33974,43.31237,1019
محطة فيول واي Fuel way,23.20353,43.19663,1020
الدريس,21.52768,39.23234,1021
محطة وقود,18.58982,42.02977,1022
بترو بن جحبان,18.64581,42.01506,1023
محطة,18.7046286703888,41.9941337172001,1024
محطة ومجمع المشعان,27.3841045091757,41.5592357805625,1025
محطة الرحمانية,27.42492,41.60625,1026
محطة الضربة,26.85397,41.74249,1027
محطة محروقات طريق الروضة,27.43619,41.72471,1028
محطة الدريس,23.92697,42.92048,1029
محطة وقود عفيفه,23.9503,42.96993,1030
Gas station,24.90396,46.80929,1031
محطة ابو اثنين,24.90277,46.81024,1032
أسواق محطة آل مريفق,23.49668,46.82974,1033
الدبوس المثبّت,24.3366,45.79463,1034
محطة النهدي للمحروقات,26.38096,43.88666,1035
محطة انيرجيكس,23.06378,42.87019,1036
الدريس,23.18831,43.17031,1037
ساسكو,23.41244,44.00756,1038
محطة البراك,23.71085,44.62155,1039
الدريس,23.73319,44.68793,1040
الدريس,23.77596,44.79341,1041
الدريس,24.80806,46.85177,1042
J’OIL gas station,24.79907,46.85745,1043
محطة اورنج للمحروقات,25.61623,49.56005,1044
سهل,25.38847,49.54525,1045
محطة الدريس,23.40588,43.93507,1046
الدبوس المثبّت,24.56381,46.84096,1047
محطه وسوبرماركت السعدون,26.78944,41.67455,1048
محطة مريم الجابري للمحروقات,26.38745,43.92749,1049
محطة وقود الريان,23.30551,48.9675,1050
بترولات,24.61168,46.73067,1051
محطة الموسى,24.60892,46.68537,1052
محطة وقود,24.41163,46.83757,1053
بترولي,24.53272,46.65392,1054
محطة الدريس,24.91108,46.78679,1055
محطة وقود,21.63709,43.62484,1056
محطة اتش واي ٢,21.30469,39.25733,1057
محطة الدريس,25.92369,45.38406,1058
محطة سنبلة سدير,25.9135,45.3859,1059
محطة ابانمي,25.92456,45.36891,1060
محطة ياج,21.50587,39.81723,1061
الدريس,18.1206,42.85405,1062
محطة وقود بترو هلا,26.0412299653608,44.8876099431508,1063
محطة اورانج,26.3127709656097,50.2172813157556,1064
الدبوس المثبّت,26.04159,44.88699,1065
سهل,16.88319,42.58874,1066
GMCJ+65J,27.5206810971679,41.6805034307678,1067
الدبوس المثبّت,24.50886,45.88533,1068
الدريس,24.49607,44.37514,1069
محطة العدل للمحروقات,24.51763,44.41307,1070
محطة بن حصيبان,24.52767,44.39478,1071
بترو ثقة للمحروقات البترولية,24.52203,44.38438,1072
محطة العدل,24.5361,44.34907,1073
SASCO,21.44006,39.78393,1074
محطة الدريس,26.30957,43.98421,1075
محطة وقود,26.34926,44.03853,1076
الدريس .,26.35556,44.04881,1077
Dropped Pin,24.84225,46.75035,1078
الدريس,17.54194,44.22116,1079
محطة وقود ومجمع القابل للتسوق,17.48977,44.19014,1080
محطة صاغر للمحروقات,17.60481,44.23248,1081
مجمع ومحطة العوف آل زمانان,17.59585,44.24483,1082
محطة ساسكو,16.95543,42.81446,1083
Aldrees,16.8977182898223,42.6851364957892,1084
محطة نفط,16.9284,42.58531,1085
محطة درع الأمجاد,24.68416,46.84015,1086
محطة وقود القلعة J OIL,24.44703,46.03057,1087
جي اويل,24.63494,46.62081,1088
Sahel Market,24.60823,46.66621,1089
الدريس,24.6107,46.68519,1090
الدريس,24.83505,46.63615,1091
الدبوس المثبّت,30.46894,38.29804,1092
الدريس,26.27593,44.00862,1093
محطة بترولي,26.43081,43.88181,1094
محطة منال,26.4339,43.90355,1095
محطة شيم الخير,24.83776,46.68667,1096
محطة الدريس,26.18646,50.15969,1097
بقاله سنبله سدير فرع الروابي,25.91666,45.37589,1098
الخن,23.30492,49.27477,1099
محطة السعيرة,26.45416,50.06193,1100
الخنيني للخدمات البترولية KPS 53,26.96428,49.66828,1101
الخنيني للخدمات البترولية KPS 08,26.94942,49.6667,1102
محطة الحزام. ام العظام.,17.01432,43.0511,1103
وقود ديزل,17.0158,43.02824,1104
وقود ديزل,17.04934,43.04957,1105
محطة بترول,17.01712,42.98584,1106
محطة أجواد,21.40816,39.98998,1107
كاف للوقود KAF,17.16853,42.58926,1108
محطة وقود الدريس,18.23287,42.50625,1109
بترولات,18.2303,42.46775,1110
محطة صالح ابن عريمط المزروعي,22.08287,39.31425,1111
محطة زمزم للخدمات البترولية,22.14389,39.34389,1112
Arwa Hijazi Petrol Pump,22.04198,39.32207,1113
ساسكو,26.54315,49.95449,1114
محطة انوار الجوهرة,17.3044,42.5426,1115
الدريس,17.34312,42.54739,1116
محطة وقود,17.82327,42.35675,1117
محطة فيولكس,17.92573,42.45811,1118
محطة الحرمين,17.36402,42.54673,1119
محطة الدرة بالجرف,18.27276,42.24669,1120
محطة البداية نفط,21.4948,39.9664,1121
محطه الشلال,18.55373,43.20505,1122
محطة بن حمران,18.11961,43.12248,1123
محطة عبدالهادي القحطاني,18.84599,43.24155,1124
Petrol station,19.09229,43.31219,1125
محطة جاش للمحروقات,19.32539,43.46962,1126
محطة آبار الذهب لخدمات السيارات,24.65131,46.73403,1127
محطة,18.77936,41.98626,1128
الدبوس المثبّت,27.54415,41.67143,1129
محطة فور بلس للمحروقات,25.88048,43.55415,1130
محطة الدريس,25.51455,49.61013,1131
شركة وافي للطاقة,25.38879,49.61348,1132
محطة الدعجاني,25.14211,45.50098,1133
الوشم للمحروقات,25.12289225694,45.4737344510093,1134
الدريس,26.56191,49.97104,1135
محطة الغانم,26.56403,49.98134,1136
الدبوس المثبّت,24.83152,46.6745,1137
الدريس,26.37092,50.08261,1138
محطة الفايز,18.17222,42.24377,1139
محطة تميم,21.76483,39.07959,1140
المحطه الخضراء,26.31806,43.94526,1141
الدريس,26.31453,43.96509,1142
الدبوس المثبّت,24.78835,46.7673,1143
محطة الحمراء,26.33176,43.95892,1144
SASCO,23.41716,44.02948,1145
محطة العسكر,26.36291,50.02913,1146
محطة الوادي,24.78769,39.17452,1147
محطة روابي البيداء,24.46243,39.5334,1148
محطة بتروجين,20.48545,45.58901,1149
محطة الواسطة للمحروقات,23.88717,38.89961,1150
محطة حميد عبدالرحمن,23.77161,38.6823,1151
محطة عقيل غثوان,30.99202,41.03744,1152
محطة الشبرمي,26.27147,43.9601,1153
نهل,26.35585,44.00306,1154
محطة ألفين,26.0279,43.127,1155
تموينات عيسى,26.02723,43.16688,1156
محطة الشايع,26.00089,43.04362,1157
محطة المحيسن,26.0188,43.23617,1158
محطة المطيري,26.03,43.28691,1159
محطة الدريس,26.37908,50.04946,1160
محطة بابو,27.61373,43.17659,1161
الزبيرة,27.9989,43.6807,1162
الدليمية,26.02799,43.27961,1163
محطة إعشوي الحربي,26.03863,43.29106,1164
Alzumam Gas Station,27.66957,48.77274,1165
محطة خدمة الطاقة فرع جوهرة السلام,24.49133,39.49316,1166
محطة ادنو,24.47247,39.45806,1167
Naft,24.42677,39.49536,1168
محطة وقود المستقبل,25.17802,38.82895,1169
محطة بنزين السليهيبي بالمقرح,25.0593,37.33107,1170
محطة وقود,25.05896,37.31464,1171
محطة وقود المزحم,26.87591,37.9048,1172
محطة بن عيد,26.69362,38.01962,1173
Fuel Station,26.98041,38.77224,1174
محطة العيد,26.02987,43.35608,1175
البعايث,26.02245,41.80292,1176
الدريس,24.77726,46.63735,1177
الأبواء,23.10885,39.07108,1178
محطة وقود,30.99586,41.05292,1179
محطة الدريس,30.98919,40.99331,1180
محطة السويلم,30.86492,41.19852,1181
محطه المدني للمحروقات.,31.0105,40.9248,1182
محطة بتروفل اللقاء,30.91206,40.97043,1183
محطة مناحي ابن بكر,31.1249,40.62369,1184
محطة للضيافة,31.28046,40.1011,1185
محطة راف الشمال,30.68123,41.56252,1186
محطة وقود نفط | NAFT,30.36593,42.21324,1187
مجمع العنيد للخدمات,30.99546,41.05071,1188
محطة مهناء دبوس,31.00744,41.05291,1189
محطة الزمام,30.66141,40.55981,1190
الدبوس المثبّت,23.59707,45.43201,1191
بترولات العرين,18.23003,42.52187,1192
بترولات ضلع,17.90687,42.44894,1193
الدبوس المثبّت,25.84571,44.21686,1194
Byco بيكو,18.22107,42.53031,1195
محطة وقود,18.27154,42.54844,1196
محطة شقراء الجديدة للخدمات البترولية,25.24495,45.25592,1197
الدبوس المثبّت,26.14076,43.66851,1198
الدبوس المثبّت,26.14158,43.70096,1199
الدريس,24.65316,46.75297,1200
الدبوس المثبّت,24.55854,46.61797,1201
SASCO,26.08709,43.97195,1202
محطة جازلي,26.12598,43.66196,1203
محطة الحضيف,26.14879,43.68147,1204
محطة الشلال,26.06667,43.62569,1205
محطة راشد الهاجري,26.09074,50.12509,1206
محطة ابن مجفل,26.47255,47.1964,1207
محطة الدريس,23.71506,45.67718,1208
محطة الدريس,25.12854,46.14427,1209
محطة الدخيل 1,26.70247,50.06336,1210
الدريس,26.70281,50.04493,1211
محطة رحيمة,26.71165,50.06474,1212
الدريس,18.2946,42.68351,1213
الدريس,18.23373,42.40979,1214
الدريس,18.18221,42.60137,1215
الدريس,18.16506,42.81056,1216
الدريس,23.50095,46.88885,1217
محطة قوس البترولية,21.5142,39.34567,1218
محطة وقود,21.51148,39.32586,1219
الدريس,21.42306,39.31132,1220
مزايا للوقود,26.32623,43.95286,1221
محطة جي اويل,21.39204,39.27277,1222
محطة الصحيفة / وقود,19.8489,41.55963,1223
مجمع الحجاز للخدمات البترولية,19.84958,41.60988,1224
محطة بترو خرباش,19.85154,41.58311,1225
الدريس,20.00706,41.50356,1226
محطة اليوسف,24.03608,47.14139,1227
Aldrees,24.03972,47.14709,1228
محطة الأنوار,24.02483,47.13768,1229
الدريس,23.90931,47.09205,1230
محطة الدريس,23.98234,47.1353,1231
محطة الدريس,24.01023,47.16515,1232
محطة المملكة,24.01607,47.16523,1233
Orange Gas Station | 1010 | محطة وقود أورانج,24.06697,45.29233,1234
محطه لتر بلاس,24.06467,45.28756,1235
ساسكو,24.13297,45.39445,1236
محطة الفيصلية,24.0779,45.28438,1237
محطة الحبيل,24.50211,44.37126,1238
الدريس,24.74558,46.58008,1239
سهل,24.76462,46.57628,1240
سهل,21.55268,39.23369,1241
محطة ركن الوقود,24.91006,46.61899,1242
محطة طريق الرياض,24.8815,46.58731,1243
فيولكس,24.47158,46.27132,1244
محطة القريني للمحروقات,24.47565,46.28797,1245
محطة الشلال,24.44684,46.2665,1246
محطة أورانج,24.49129,46.32653,1247
محطة بترو تثليث,19.42421,43.55351,1248
محطه النجاء,21.4839,39.30939,1249
الدريس,27.00258,49.63524,1250
محطة الخنيني للخدمات البترولية KPS 7,27.13916,49.5662,1251
الخنيني للخدمات البترولية,27.07289,49.59809,1252
الدريس,26.90243,49.46664,1253
محطة نفط,21.45594,39.25775,1254
محطة بيتروكس Petrox,21.87255,39.19231,1255
محطة الهدوء,21.85451,39.1754,1256
محطة بترولك,21.83788,39.20218,1257
محطة أدنوك,25.42081,49.56276,1258
فبكو,21.56898,39.16989,1259
الخنيني للخدمات البترولية KPS 54,26.83502,49.55651,1260
محطه بنزين,21.42928,39.72863,1261
محطة الزغـيبي 2 | الضيافة,24.4936,39.61848,1262
AUTO FAL | محطة وقود فال,21.62344,39.18316,1263
Purein,21.6249,39.17586,1264
محطة جي اويل J Oil,21.43894,39.26481,1265
محطة المعياد,21.63095,39.18795,1266
محطة قلف,21.51955,39.24768,1267
دبوس مثبّت,21.47684,39.23058,1268
محطة سابترول,23.58351,38.63362,1269
محطه الراكه ببدر,23.81595,38.73933,1270
محطة الهجرة,23.73707,38.75216,1271
محطة المهند للمحروقات,23.78458,38.76873,1272
محطة امتياز الوقود,25.14349,48.27736,1273
الدريس,25.20596,48.51116,1274
محطة ساسكو بمحافظة الاحساء,25.34169,49.13131,1275
محطة الجوهرة للمحروقات,21.4431467172578,39.2571644865917,1276
محطة وقود ريبن نجران الغويلا الزراعية reben,17.5787368065147,44.4443948602068,1277
محطة نور,17.6347874397324,44.4507396737012,1278
محطة انيرجيكس,17.6413,44.4626,1279
محطة الدريس,26.51158,45.34998,1280
محطة البرزة,26.67992,45.34374,1281
وقود كن,27.97351,45.7219,1282
محطة اغادير,19.41592,41.05878,1283
محطة أصايل,19.69753,41.38148,1284
محطة ملتقى الناشري,18.94688,41.32219,1285
الدريس,19.11419,41.14156,1286
محطة اونست Onset,18.56731,42.03797,1287
الدريس,19.12449,42.13167,1288
فيول واي,25.8838412555481,48.9233311645037,1289
فيول واي,26.1684990980128,49.9247718221741,1290
اومكو,26.19794,50.04657,1291
محطة النهدي للوقود,26.20288,50.02604,1292
محطة وقود,27.36876,41.98535,1293
KPS 59,27.00596,49.45259,1294
الخنيني للخدمات البترولية KPS 15,26.97971,49.36246,1295
محطه الخنيني,27.10308,49.20597,1296
4065 Ash Shaikh Muhammad Ibn Abdul Latif Ibn,24.57727,46.69212,1297
محطة ادنوك,24.56605,46.65407,1298
الدريس,24.5473547872833,46.649586762339,1299
الخنيني للخدمات البترولية KPS 02,24.5474,46.64957,1300
الخنيني,27.01364,49.64158,1301
Petrol station,27.00001,49.62193,1302
الخنيني 55,27.12825,49.52485,1303
الخنيني للخدمات البترولية 27 KPS,28.03577,48.58902,1304
الدريس,25.35375,49.52109,1305
محطة الماجد ويل | well station,25.2767745935619,49.7485087455802,1306
الخليج,25.27681,49.74849,1307
محطة زيت الجري للمحروقات (جي اويل) محطة خط الحرمين,21.63385,39.68187,1308
محطه الشامية,21.83891,39.5211,1309
محطة نوفل,21.4564099308342,40.0045637710711,1310
محطة الوفاء,21.4563,40.00457,1311
الدريس,21.5080973799124,40.4884523575768,1312
الدريس,21.5241731435674,40.4795864076778,1313
SASCO,21.5242,40.47976,1314
محطة أبو فيصل,20.71148,39.74131,1315
محطة الربيعي,21.44251,39.39462,1316
محطة النهدي,26.17741,50.16297,1317
مزايا للوقود,26.4157,50.16991,1318
Octane Fuel Station,24.57389,46.88296,1319
اينوك,24.56298,46.89571,1320
جي اويل,24.54771,46.86819,1321
المسلّم للخدمات البترولية,24.54328,46.87295,1322
محطة وقود أريج,24.51779,46.91258,1323
Petrol Station,24.6168,46.85778,1324
محطة السنيد للمحروقات,27.66122,41.76107,1325
محطة نور,27.63256,41.72131,1326
محطة الصيعري,23.89444,38.38815,1327
محطة وقود,27.28682,35.76262,1328
Duba Gas Station with PetroApps,27.3042188665343,35.7530827134007,1329
محطة التركي,27.4006370612433,35.6434276514334,1330
محطة النخيل للمحروقات,28.4302416301808,36.5274730219944,1331
محطة الدريس,28.43026,36.52744,1332
الدريس,28.36673,36.5768,1333
الدريس,26.50906,37.99368,1334
محطة الحزام,26.61125,37.91663,1335
محطة الصفا,26.61677,37.9186,1336
محطه الآثار بالحجر,26.83419,37.96118,1337
محطة وقود هداج,27.77876,38.09027,1338
محطة الخلف للمحروقات,27.6247,38.51727,1339
محطة الرشود للمحروقات,27.62948,38.54725,1340
محطة وقود الجهراء,26.86745,38.88549,1341
محطة أبشر للوقود,26.98502,40.31097,1342
محطة وقود,26.94332,40.32684,1343
محطة رعود الشمال,21.84522,40.69265,1344
نفط,21.98942,39.99866,1345
جي اويل,26.95652,49.64879,1346
محطة فيول واي,26.92877,49.70293,1347
محطة الخنيني,26.87712,49.74905,1348
محطة الفلاح,24.86472,40.49749,1349
My Station,24.63204,40.18007,1350
الدريس,17.10756,42.66218,1351
محطة ساسكو,17.11378,42.67277,1352
ساسكو,17.16682,42.71156,1353
محطة الدريس,21.52629,39.17087,1354
محطة الشهراني,21.2611070256703,39.1725518567768,1355
محطة وقود المغير,23.8101244147064,39.6459154899175,1356
محطة الفريدي للمحروقات,24.5895,39.67166,1357
محطة دانة ذهبان,21.93893,39.12288,1358
محطه وقود petrox,21.7842559826671,39.1046531275632,1359
الأثير,21.76934,39.05531,1360
محطة المجد للبترول,21.55298,39.80103,1361
محطة الدريس السدين,20.66643,40.98529,1362
محطة برحرح للمحروقات,20.33691,41.19798,1363
محطة وقود+ ماء تحلية,27.21322,43.83498,1364
محطة المدالله,26.31263,44.88824,1365
محطة كونا للخدمات البترولية,26.30855,44.87226,1366
السنابل للوقود,26.29349,44.8801,1367
محطة التركي,26.29354,44.78453,1368
محطة التسهيلات,26.30708,44.80427,1369
محطة وقود الزوين,30.41667,42.10914,1370
محطة امداد الحمراء للوقود,24.42736,39.5156,1371
وقود المسافر,20.60609,45.72791,1372
محطة وقود بنزين وديزل,21.3372119315566,46.0732222134475,1373
محطة وقود الجبرين,26.0301253040691,44.947474998728,1374
الدريس,28.41231,48.49568,1375
محطة القرني للخدمات البترولية,28.41424,48.47023,1376
محطة سهل للخدمات البترولية,28.43656,48.49497,1377
محطة بترولي,28.51655,48.42195,1378
محطة الرفاع النموذجيه,27.10726,47.01876,1379
FADCO Fuel Pump,21.7746,39.21889,1380
Liter Gas Station|محطة لتر,21.76026,39.19381,1381
وقود ديزل,20.13781,40.30343,1382
الدريس,16.90636,42.55365,1383
محطة الخير,16.81026,42.70364,1384
الدريس,24.48591,46.62308,1385
محطة سليمان العنزي,24.52487,46.63972,1386
محطة عكاظ,24.51856,46.66922,1387
محطة ضيف الله,24.52684,46.66641,1388
محطة ابو شطاط للمحروقات,28.89892,36.03615,1389
مجمع مرزوق التجاري للمواد الغذائيه والبتروليه,28.85953,36.2478,1390
محطة الفخامة,29.22825,34.94567,1391
الدريس للبترول,29.23214,34.94281,1392
محطة الخليج محافظه حقل / الحميضه,29.24367,34.94494,1393
محطة درة الشمال,29.30979,34.95095,1394
محطة وقود,29.33199,34.95109,1395
محطة محروقات,28.42841,35.00465,1396
محطة وقود,28.46389,34.9978,1397
محطة الدلفين,28.47381,35.00111,1398
الربيع,28.51123,35.01494,1399
محطة الحمض,28.45979,34.91526,1400
الدريس,28.06084,35.19546,1401
الدريس,28.04699,35.25775,1402
محطة الحبردي للمحروقات,27.99661,35.98566,1403
محطة وقود,24.91964,45.85913,1404
محطة و اسواق ام سليم,24.94408,45.71393,1405
الدريس,25.0749,45.49184,1406
المرشد للخدمات البترولية,25.07247,45.48536,1407
محطة خير كميت لوقود السيارات,25.07005,45.4433,1408
محطة ثرمداء,25.12287,45.47369,1409
محطة الجريان,25.30147,45.52998,1410
الدريس,25.29806,45.51766,1411
مجمع الحمراء,25.27375,45.30289,1412
الدريس,25.29044,45.19056,1413
محطه الفرعه,25.33119,45.19658,1414
ريماس للخدمات البترولية,25.15965,46.31767,1415
محطة الجوهرة,25.28777,45.86053,1416
محطة رغبة,25.16544,45.79919,1417
محطة الحمادة,24.60856,46.10006,1418
محطة بنزين,24.68033,46.00863,1419
ساسكو,24.37797,45.89473,1420
محطة لتر بالجلة الجنوبي,24.3369,45.79448,1421
Aldrees,24.284,45.65635,1422
محطة وقود ديزل,25.62015,45.78798,1423
محطة وقود,25.60726,45.62802,1424
محطة الجنيح,25.62531,45.58526,1425
محطة العسيلان,25.61581,45.56062,1426
محطة الهندي للخدمات البترولية,25.8769,45.37037,1427
بترو الفيحاء,25.89027,45.32622,1428
الدريس,25.92056,45.32443,1429
محطة الدهش,25.91307,45.36183,1430
محطة الروابي للمحروقات,25.91679,45.37591,1431
محطة بترو الرواد,25.92458,45.35912,1432
محطه ناين للمحروقات,25.94181,45.35643,1433
محطة العقيل,25.9472,45.35613,1434
محطة واستراحة ومجمع مطاعم الريان,26.50715,45.35094,1435
محطة وقود,24.97264,38.05308,1436
الصيدلاني للمحروقات,24.2539,38.35412,1437
محطة الفايدي للوقود,24.31694,38.42196,1438
محطة المرزوقي للوقود,24.32123,38.42492,1439
محطة القرص للمحروقات,24.53895,38.50134,1440
محطة الرجبي,24.68647,38.39228,1441
محطة وقود,25.15245,38.1632,1442
Petrol Station Fadhla,26.37097,37.82937,1443
بترو الشنان,27.18849,42.44316,1444
محطة السوادي,27.19854,42.45131,1445
محطة مجموعة السيف للخدمات البترولية,27.20394,42.48468,1446
محطة مضارب المشرق السليل,27.3039,42.2559,1447
محطة و مجمع العمعوم,27.30534,42.24396,1448
محطة الفريدي,27.42471,41.87213,1449
محطة وقود,27.49519,41.70723,1450
محطة النعام للمحروقات,27.51808,41.71388,1451
محطة الخزامى للخدمات البترولية,27.56715,41.72979,1452
محطة الياسمين الشمالي,27.59441,41.71051,1453
محطة درب,21.31117,40.36661,1454
محطة جوهرة غران,22.02142,39.33991,1455
محطة وقود الشفية,23.82646,39.14627,1456
محطة ماجد فالح الأحمدي,24.08658,39.0938,1457
محطة وقود العليم جديده,28.88626,40.21902,1458
محطة الدريس,29.8138872720539,39.6389505478048,1459
محطة الهذلول 1,29.8084591813502,39.6832575600739,1460
محطة الياسمين,29.7737555311693,39.8832544600739,1461
محطة الدرباس,29.760613136671,39.9078442067003,1462
محطة الداوود,29.798,39.85711,1463
محطة النهضة,29.81486,39.83535,1464
محطة العفاش,29.79685,40.07576,1465
محطة سهل,29.81655,40.11332,1466
محطة الربيع الاخضر Petrol Station Green Spring,29.83217,40.16887,1467
محطة الفلاح,29.83911,40.18356,1468
محطة الكريم للمحروقات,29.8463987780889,40.1922234889092,1469
محطة الخط الدولي,29.8527506946511,40.2201046889091,1470
محطة خطيب للمحروقات,29.92124,40.23581,1471
محطة وقود,29.94509,40.22154,1472
محطة الجوهرة,29.96591,40.22331,1473
محطة العربية للمحروقات,29.98419,40.17568,1474
محطة السياط للمحروقات,30.0059142727762,40.2005960275632,1475
محطة الخطيب,30.0071807680793,40.2161991103759,1476
محطة النمرة للمحروقات,30.0612568035651,40.2305958214199,1477
محطة العبدالله,30.05554,40.34531,1478
محطة هديب للمحروقات,30.07532,40.39187,1479
محطة وقود,30.28151,40.29885,1480
محطة وقود,30.33244,40.31173,1481
محطة العمارية,30.66421,40.55863,1482
محطة هلهول,31.67457,38.66046,1483
محطة وقود,31.37206,37.60212,1484
محطة المناره للمحروقات,21.31229,39.2712,1485
محطة الهدى,21.45038,39.24572,1486
محطة بن مرضاح للخدمات البترولية,21.30568,39.25839,1487
Apsco,21.65423,39.11179,1488
محطة آل زايد الحرازات,21.5035063657007,39.3504158441292,1489
محطة شركة صرح الإمداد للوقود,21.3586625160678,39.8633934809368,1490
Purein,21.48734,39.27103,1491
الدريس,21.49525,39.21819,1492
محطة وقود كن,24.6764,46.82314,1493
محطة الانجاز للوقود,21.48983,39.30384,1494
Raw Station,21.50919,39.30236,1495
محطة سهل,18.29696,42.59333,1496
الدريس,18.31482,42.62555,1497
محطة ال عبود,18.30927,42.63689,1498
SASCO,18.24745,42.61863,1499
محطة المسارات,18.23895,42.56151,1500
ساسكو,18.96097,42.15663,1501
محطة مزايا للوقود,18.97529,42.15066,1502
مزايا,19.10517,42.12653,1503
مجمع العسيري التجاري (بلّسمر),18.7652,42.25554,1504
سهل,18.26516,42.64226,1505
الدريس,18.31233,42.72614,1506
الدريس,18.32289,42.73463,1507
الدريس,18.32344,42.73157,1508
محطة وقود فيولت fuleit,18.32457,42.67272,1509
محطة الفارس للمحروقات,18.3210748893536,42.6552022024035,1510
محطة الدريس,18.86818,41.32786,1511
Aldrees,21.39594,39.70968,1512
محطة بنزين الوسام,21.22632,40.37761,1513
محطة الدريس,19.64216,40.95412,1514
محطة ديزل,20.00564,41.50328,1515
الدريس,19.90516,41.56842,1516
محطة السروات للخدمات البترولية,19.88886,41.44478,1517
محطة بي جروب,20.0482,40.48575,1518
محطه نفط,24.49123,39.62513,1519
Purein,21.48137,39.27128,1520
محطة وافر,24.48178,39.65369,1521
محطة وقود بترو بارك,24.4655,39.58259,1522
ADNOC Service Station | Al Jessir (822),25.78838,55.96436,1523
محطة البوابة طريق جدة مكة السريع,21.38224,39.70205,1524
Aldrees,21.67408,39.21229,1525
محطة لتر,21.44339,40.46729,1526
محطه الدريس,21.30941,40.36845,1527
